,time,avg_1,avg_3,avg_7
0,2019-12-01,0.6779494471228298,,
1,2019-12-02,-0.5662995769318327,,
2,2019-12-03,-0.04504633070033793,,
3,2019-12-04,0.2833772312263397,0.04738348641641064,
4,2019-12-05,0.06282508224364454,0.183873356844029,
5,2019-12-06,-0.3778557637939389,0.012645192673616426,
6,2019-12-07,-0.8547523468080661,-0.37847460190401433,
7,2019-12-08,-0.8205048029478832,-0.6386277495575223,-0.33862525103412155
8,2019-12-09,-0.42995281906490773,-0.7210417781330927,-0.3322022267734003
9,2019-12-10,-0.25995035331319977,-0.49912434977058323,-0.35735019206408686
10,2019-12-11,0.045021890038706935,-0.23133127268564713,-0.38703503393616046
11,2019-12-12,0.20911333762029552,0.017148004674387905,-0.3376368271622539
12,2019-12-13,0.023006333887432947,0.1348743691810184,-0.2648161044916774
13,2019-12-14,-0.062375320331386465,0.10096123884387259,-0.1753951779030548
14,2019-12-15,-0.029787519828682923,-0.01728453957563082,-0.0658452585409911
15,2019-12-16,-0.235597710597339,-0.08888011800142435,-0.014818534176097168
16,2019-12-17,-0.06494137279071131,-0.10292077744176219,0.015419093767006188
17,2019-12-18,-0.399867788989958,-0.24502173259593768,-0.050448874379439665
18,2019-12-19,-0.49946776405962884,-0.312585793411432,-0.16305178834977116
19,2019-12-20,-0.7021004030022541,-0.5481559478725885,-0.25356430133553753
20,2019-12-21,-0.8665651751274577,-0.7909846753841723,-0.3730854901226061
21,2019-12-22,-0.543716902526514,-0.7246433355163436,-0.4741259357618141
22,2019-12-23,-0.37319225315393373,-0.5893342980529743,-0.5035705260606954
23,2019-12-24,-0.4614645417093725,-0.46197523211562436,-0.5569211127103236
24,2019-12-25,-0.4028838802034869,-0.40927214757910635,-0.5461849851208347
25,2019-12-26,-0.5991853029346393,-0.48744230940932765,-0.563141688642311
26,2019-12-27,-0.3960496590576421,-0.4761828213711823,-0.5231592647656992
27,2019-12-28,-0.3720192441097565,-0.46697371014403466,-0.45616862261340824
28,2019-12-29,-0.3572606688728463,-0.3808242203622934,-0.41788326067931714
29,2019-12-30,0.11502564646891707,-0.2784059632136297,-0.3747329785190788
30,2019-12-31,-0.07634127320512554,-0.18809610615628872,-0.34436940902149293
31,2020-01-01,-0.1900523905954697,-0.1076538709853286,-0.3174978641587573
32,2020-01-02,-0.04111119073730529,-0.14185758802475223,-0.23270499907500075
33,2020-01-03,0.03984208099668341,-0.10974115136349162,-0.1800422102134116
34,2020-01-04,-0.2551815335203105,-0.1337068298750082,-0.16967629164760598
35,2020-01-05,-0.4912786486457789,-0.2775839844612598,-0.18468855014668134
36,2020-01-06,-0.3178905748615155,-0.3673320545545147,-0.2161924492612993
37,2020-01-07,-0.1914285403182407,-0.37181125687322625,-0.22667281626679062
38,2020-01-08,-0.10759363512253925,-0.2193709700976229,-0.23368989181918912
39,2020-01-09,0.027372888164685406,-0.05826695008045256,-0.21952599106324527
40,2020-01-10,0.026435630347002158,-0.012395524971697009,-0.21317898880845082
41,2020-01-11,-0.0024560353691333255,0.02100483796406541,-0.15124124475225606
42,2020-01-12,-0.32724819870058747,-0.08811179773370367,-0.1034645627286335
43,2020-01-13,0.12721276878689902,-0.04073045771802036,-0.0441635621835088
44,2020-01-14,0.22430845054407467,0.039212788151404165,0.016377330397168516
45,2020-01-15,0.2696467525556565,0.21080098340685585,0.06042817516084326
46,2020-01-16,0.1451526341234553,0.194526538738394,0.08033789548212042
47,2020-01-17,-0.012402033125742258,0.1318538465363305,0.0805475443329107
48,2020-01-18,-0.30068461897360327,-0.0635569146790181,0.03519158676458834
49,2020-01-19,-0.24175223459010214,-0.22000732490786398,0.008766411270759304
50,2020-01-20,-0.18085359580053484,-0.23991012155809105,-0.04460397719113731
51,2020-01-21,-0.36780244888653607,-0.2605000930248683,-0.14733719217105087
52,2020-01-22,-0.1885600617489348,-0.23621641020476608,-0.1909818940348007
53,2020-01-23,-0.7372797350780946,-0.4426555473170665,-0.2924322212831548
54,2020-01-24,-0.9347362346725462,-0.6547474501113751,-0.3714859826097636
55,2020-01-25,-0.897183466811301,-0.8375329590950635,-0.45283113425753085
56,2020-01-26,-0.912455848028841,-0.9079643906493,-0.6199078628485327
57,2020-01-27,-0.48362210242743114,-0.7732140938541809,-0.6739281764847087
58,2020-01-28,-0.3192856955531273,-0.4573532634565252,-0.6139261537809426
59,2020-01-29,-0.3822908625316321,-0.3556672542329991,-0.6080035726366774
60,2020-01-30,-0.6686634139583678,-0.40356620842580243,-0.5817945541295334
61,2020-01-31,-0.7768324063364196,-0.5292539684308256,-0.5333768785370657
62,2020-02-01,-0.9046395031843374,-0.8084455610035811,-0.5298005926407123
63,2020-02-02,-0.6965231058691868,-0.7847671459839695,-0.49638548230440604
64,2020-02-03,0.23750871410134747,-0.5211838711091362,-0.4584890232305061
65,2020-02-04,0.09725368012122651,-0.2431278304656537,-0.45188446038371116
66,2020-02-05,0.1900564063099601,0.08838119810546993,-0.4098173869622198
67,2020-02-06,0.17314560674958077,0.14570812065115746,-0.28005428263503357
68,2020-02-07,0.233233690804529,0.22574040498887643,-0.15690785754040554
69,2020-02-08,-0.054165087702239316,0.04253670624307093,-0.06603704433518257
70,2020-02-09,-0.13822473552385775,-0.07048522868673363,-0.023011249814677736
71,2020-02-10,-0.01763487747219922,-0.10145212747416431,-0.021179522357302465
72,2020-02-11,-0.020529112323949897,-0.10842267579449776,-0.02360100854991296
73,2020-02-12,-0.3132904156405254,-0.1464898726078641,-0.065465010335406
74,2020-02-13,-0.3629102492391005,-0.2349992280378506,-0.1260692543895534
75,2020-02-14,-0.3004942870850868,-0.32798259295385895,-0.18639516678410503
76,2020-02-15,-0.3143461379663238,-0.3470411167360311,-0.22026820905508743
77,2020-02-16,-0.23505814848853923,-0.30629778099477073,-0.23397286251870406
78,2020-02-17,-0.26132677987790465,-0.28029314945405487,-0.2610146604433297
79,2020-02-18,-0.613169188197976,-0.31659065484418614,-0.33861271924933023
80,2020-02-19,-0.36354937371196916,-0.3604516523969145,-0.3345751088204879
81,2020-02-20,0.01100345082092964,-0.26505663285236,-0.2826555074783153
82,2020-02-21,-0.2046250651844441,-0.13843756930017503,-0.25667725507356065
83,2020-02-22,-0.18799107408129165,-0.08329825120680112,-0.22187609418094764
84,2020-02-23,0.24688883985544643,-0.00975386595084266,-0.1408349609879478
85,2020-02-24,0.4937762951472984,0.10609355163446482,-0.07012637466542648
86,2020-02-25,0.8007455342119896,0.3993984329013921,0.020894820801266662
87,2020-02-26,1.2094230764797689,0.78554128212846,0.14562967542979074
88,2020-02-27,0.3042754445982016,0.7183324057311696,0.19120185902739084
89,2020-02-28,-0.1551773540159851,0.24810145247878387,0.2012016538620392
90,2020-02-29,-0.08814309286042071,0.0011374214154584495,0.20733277593578067
91,2020-03-01,-0.5141437397037434,-0.30892877737218066,0.0459170520373369
92,2020-03-02,-0.03974778068941395,-0.3581965420997039,-0.008937287558251511
93,2020-03-03,-0.21337700586937527,-0.418305605112333,-0.06660527035626487
94,2020-03-04,-0.2298246808801891,-0.1941471212401223,-0.18892313908443123
95,2020-03-05,-0.2691764962997679,-0.24667732171811677,-0.30300044971135237
96,2020-03-06,-0.08801313533733506,-0.2176158875269146,-0.30490279867875136
97,2020-03-07,-0.35288047508913534,-0.2815469576111237,-0.3195724738864878
98,2020-03-08,-0.5614086236448265,-0.33795870870085115,-0.2899804093915736
99,2020-03-09,-0.36615426807667467,-0.43231247679584195,-0.3124991781404307
100,2020-03-10,-0.38638919336471256,-0.44325617616838675,-0.33455966882505583
101,2020-03-11,-0.09218963480395463,-0.3374770980778176,-0.31772987629488186
102,2020-03-12,0.27093400201329965,-0.14077486342815437,-0.252053693806499
103,2020-03-13,0.6671226191694606,0.36431790164289163,-0.12104508950243806
104,2020-03-14,-0.37150737675774775,0.11126435977435378,-0.14001409005706927
105,2020-03-15,-0.18403357043362759,-0.0922133138643861,-0.12473845488048331
106,2020-03-16,0.2943699503158595,-0.19497803167960634,-0.07632590255176586
107,2020-03-17,0.6012872616072101,0.04590452017087028,0.03388806638640856
108,2020-03-18,-0.22848218027548264,0.16538562071934917,0.009386910922493606
109,2020-03-19,-0.10211680017603975,0.06633427768505726,-0.018549633619883477
110,2020-03-20,-0.12207609410688494,-0.13415562246843155,-0.08530826343640405
111,2020-03-21,-0.4276147631905484,-0.13637964538381278,-0.05330378269361135
112,2020-03-22,-0.6461294822919631,-0.4168156300393447,-0.12330975452177675
113,2020-03-23,-0.09175226630088319,-0.4473468219742643,-0.16385908894384354
114,2020-03-24,-0.3784043960289684,-0.4531950427359356,-0.29562929745334066
115,2020-03-25,-0.23275388030748612,-0.25961137024658826,-0.2899244661306019
116,2020-03-26,-0.2568799109838337,-0.31074603460671796,-0.3259941135382331
117,2020-03-27,-0.2669265791075011,-0.2701321022781514,-0.35419611184400734
118,2020-03-28,-0.7725667302618635,-0.5138267738564329,-0.45847538356069983
119,2020-03-29,-0.646249400406273,-0.611601252726388,-0.45936542209593434
120,2020-03-30,-0.19946997365504657,-0.6430400691752558,-0.49708068838661706
121,2020-03-31,-0.06918960144364499,-0.412538460369017,-0.45039704711955586
122,2020-04-01,-0.4744655421356935,-0.3177844349468788,-0.47999430444716223
123,2020-04-02,-0.6150279181439515,-0.4290549569363025,-0.5220596468215721
124,2020-04-03,-0.7810782117285346,-0.626106006098669,-0.5878446000578705
125,2020-04-04,-0.7545615743694678,-0.7182666997853937,-0.5885410525458876
126,2020-04-05,-0.2682558554323523,-0.5977444170658979,-0.5206470093208919
127,2020-04-06,0.1056050863194556,-0.2806445951811868,-0.420169319937389
128,2020-04-07,0.022087354534453735,-0.04322152675973383,-0.40750037914258624
129,2020-04-08,0.24513424203491282,0.10246699973330217,-0.3203465409702418
130,2020-04-09,-0.05148984905059139,0.06726821217439753,-0.2540652985805364
131,2020-04-10,0.4076941036289086,0.23884754507573283,-0.17552499683274866
132,2020-04-11,-0.431763221607473,-0.1825403415558657,-0.06711831470848666
133,2020-04-12,-0.3134569996165921,-0.3106191234883647,-0.05633399836342387
134,2020-04-13,0.3205243407926345,-0.21022631836508598,-0.08094053213171667
135,2020-04-14,0.27804433952969004,0.0017920548265319784,-0.05194985782612914
136,2020-04-15,0.23703056502797806,0.23712680406370368,-0.059121608477767824
137,2020-04-16,0.06756267596148444,0.14891302051454317,-0.04715735921783091
138,2020-04-17,-0.36356162889077387,-0.04000707213792377,-0.08994290232848823
139,2020-04-18,-0.5264283473543576,-0.2720701774585758,-0.07459948426542454
140,2020-04-19,-0.5990354054777868,-0.572585512571154,-0.18218169525222655
141,2020-04-20,0.012138587260419536,-0.5523097373979694,-0.2591650008232312
142,2020-04-21,-0.026194755557302572,-0.44520290591266454,-0.3111694864800756
143,2020-04-22,0.250030526847826,0.07594572355211276,-0.30008537502166005
144,2020-04-23,-0.3046134584185807,-0.1423081806261757,-0.3641497948002454
145,2020-04-24,-0.19944851011961875,-0.26008238773159703,-0.3523986563945135
146,2020-04-25,-0.004332282160480402,-0.3105322314026526,-0.3138997686881664
147,2020-04-26,-0.21332597851748383,-0.22767342587556794,-0.18739709200463492
148,2020-04-27,0.09752744216464725,-0.12727480496625376,-0.17694981998866713
149,2020-04-28,0.34530396644601236,-0.020679702185113696,-0.1388806845648329
150,2020-04-29,-0.3633850058235585,-0.0484717498663709,-0.25429675710539057
151,2020-04-30,-0.3433951092701316,-0.1396874310485128,-0.19744860664086603
152,2020-05-01,0.13529899819071017,-0.17782538796529146,-0.10158409268661912
153,2020-05-02,-0.09811782396213664,-0.07223207189296063,-0.10460454597108503
154,2020-05-03,-0.8145736366544343,-0.3152084817084685,-0.22833006713935697
155,2020-05-04,-0.3779295703928393,-0.47208317489005164,-0.275085507116299
156,2020-05-05,-0.1430293507266447,-0.5451498957774367,-0.32856196611446026
157,2020-05-06,-0.09480318367806367,-0.2529237923716687,-0.28420828008680354
158,2020-05-07,-0.1187915025346466,-0.1476712594737826,-0.23850177685887794
159,2020-05-08,-0.41287086614823726,-0.2075262929041166,-0.33947063189609145
160,2020-05-09,-0.7354880263357385,-0.5245546622629464,-0.5146296432915974
161,2020-05-10,-0.6674325229882999,-0.6555840375619971,-0.5136608134235847
162,2020-05-11,-0.12143059989186439,-0.6234912108641256,-0.48282532573821335
163,2020-05-12,-0.5662538807428489,-0.5590505583222094,-0.5143701439802227
164,2020-05-13,-0.17610277747614078,-0.31213007720140984,-0.512253645960527
165,2020-05-14,-0.05898922766663946,-0.2223240559218644,-0.4939052140911531
166,2020-05-15,0.21603396625595545,-0.02450648672665554,-0.43023724376084954
167,2020-05-16,-0.07730691805686107,-0.0530539072830911,-0.3123039998663995
168,2020-05-17,-0.6281106869384842,-0.3247709770554162,-0.27756466750806136
169,2020-05-18,-0.6058991908212455,-0.6274055798230892,-0.34355982349682207
170,2020-05-19,-0.48648492470656335,-0.6534654622839923,-0.35853905623954796
171,2020-05-20,-0.4697842375996552,-0.5640227956174803,-0.4271884033243534
172,2020-05-21,-0.2616612625705879,-0.44401764204360655,-0.44940613064480117
173,2020-05-22,-0.3779790743699406,-0.41443263946828307,-0.5170693386885106
174,2020-05-23,-0.7701248191493706,-0.5205106821191745,-0.5801508043515305
175,2020-05-24,-0.7375003233235143,-0.70909539205681,-0.5907542052544347
176,2020-05-25,-0.5503149573372398,-0.7061019411611191,-0.5646220396783239
177,2020-05-26,-0.5527047330857795,-0.6434242638803299,-0.55551519133545
178,2020-05-27,-0.5652276535448431,-0.5557859070013613,-0.5857762214244507
179,2020-05-28,-0.440875955187351,-0.49188453957203554,-0.6271233015823355
180,2020-05-29,-0.44821241985695237,-0.448022849669444,-0.6086672067593095
181,2020-05-30,-0.8797072105748348,-0.5443083920819551,-0.6139219300855981
182,2020-05-31,-0.731401188662829,-0.7051473739797787,-0.6232543519250419
183,2020-06-01,-0.5059337843884285,-0.7373101991798837,-0.6122796343493909
184,2020-06-02,-0.3263814238993607,-0.589769104847037,-0.5772827412447772
185,2020-06-03,-0.04503033705733681,-0.3235120450084282,-0.5293473686887331
186,2020-06-04,-0.3243629648870931,-0.24871897504064555,-0.5340066559691722
187,2020-06-05,-0.19165902952424427,-0.19206302602343722,-0.522719265356746
188,2020-06-06,-0.6696167348337247,-0.5091890191812439,-0.5095217019839011
189,2020-06-07,-0.7056731579252032,-0.657132378975279,-0.498723469081724
190,2020-06-08,-0.6271321637731027,-0.6842337899999296,-0.532451390893921
191,2020-06-09,-0.5861546692862631,-0.6584244060480888,-0.5655847766914899
192,2020-06-10,-0.48029541517226443,-0.5796707168854891,-0.605013168082194
193,2020-06-11,-0.37064060191114623,-0.45455720664119426,-0.5856006369637037
194,2020-06-12,-0.45059811059429294,-0.3843119524951554,-0.6081362994503129
195,2020-06-13,-0.41157759305076896,-0.37056125662224837,-0.5321378175173719
196,2020-06-14,-0.4648927996623032,-0.4220839931171156,-0.4665843226788747
197,2020-06-15,0.07919479668343667,-0.3838216870904673,-0.41232001878750607
198,2020-06-16,-0.5514694801627471,-0.4445473032553458,-0.4054297850476921
199,2020-06-17,-0.6585334543457894,-0.4942710611891016,-0.4334871475813239
200,2020-06-18,-0.4026585837757261,-0.5175654894209539,-0.4413174780073944
201,2020-06-19,-0.2992814667531563,-0.4074253267096041,-0.4173453606566781
202,2020-06-20,-0.4927525606247919,-0.37190749617212765,-0.4301446742011709
203,2020-06-21,-0.29116705804203097,-0.322963897559871,-0.39637832588261984
204,2020-06-22,-0.24033447349897427,-0.3185945047588956,-0.38836209468156285
205,2020-06-23,-0.09062460716185719,-0.19500773421651038,-0.31881537010035105
206,2020-06-24,-0.14043781910813388,-0.16757364071590675,-0.2621056238236044
207,2020-06-25,-0.6379255504349698,-0.3340562485733333,-0.30381425836872095
208,2020-06-26,-0.5119892997554449,-0.5030154551316687,-0.36393315304523627
209,2020-06-27,-0.558094121818022,-0.5664478819803697,-0.38628873080606857
210,2020-06-28,-0.6678235723218235,-0.5886856188126025,-0.47831469023481327
211,2020-06-29,-0.44729378663353037,-0.5718774280754745,-0.5026617246282077
212,2020-06-30,-0.18709210405859455,-0.47909526521851925,-0.5125687420856906
213,2020-07-01,-0.2167699529447788,-0.2883266895922396,-0.5085318240157866
214,2020-07-02,-0.23037192830659506,-0.1961687651779154,-0.44151307176212734
215,2020-07-03,-0.16625066487281004,-0.20508694347340378,-0.4190926883408322
216,2020-07-04,-0.64644900992996,-0.4790377294857048,-0.440989088042504
217,2020-07-05,-0.33760130867596494,-0.5018962430566304,-0.3798470128177432
218,2020-07-06,-0.23254049249337233,-0.4825283696386293,-0.3526423008105516
219,2020-07-07,-0.506578032125044,-0.381183558952272,-0.3841790177369808
220,2020-07-08,-0.23524958823484687,-0.3370693627514291,-0.40703316931864525
221,2020-07-09,-0.10327679283952386,-0.30965846368813404,-0.3824673468602584
222,2020-07-10,-0.22786867358241886,-0.19601215169508066,-0.3757393349166702
223,2020-07-11,-0.4051712547284665,-0.2742619360100646,-0.3030374916722575
224,2020-07-12,-0.6088686858871696,-0.41478242382618274,-0.35172643697750094
225,2020-07-13,-0.6772479404046023,-0.4912948501062689,-0.38792894964696145
226,2020-07-14,-0.36645835584628983,-0.49629955934697,-0.37854176177362714
227,2020-07-15,-0.08744407836391696,-0.3963441229173359,-0.37484050338753866
228,2020-07-16,-0.23512786982213357,-0.27532908180003607,-0.40218583536160724
229,2020-07-17,-0.2900564313249006,-0.2544110669335299,-0.40669917137613215
230,2020-07-18,-0.26562361246763594,-0.29459123097467915,-0.3906317445164539
231,2020-07-19,-0.4019122809088021,-0.33906677385416584,-0.35254467683007384
232,2020-07-20,-0.23568598741907157,-0.3243994529100292,-0.3202020438822482
233,2020-07-21,-0.5768005766020952,-0.37759224886788645,-0.32395322196209053
234,2020-07-22,-0.4909328803472343,-0.38184677786645066,-0.3470127295749271
235,2020-07-23,-0.5802212874315122,-0.5397855013725269,-0.38327471667842233
236,2020-07-24,-0.4027494224335231,-0.45971894496340265,-0.39522442636437644
237,2020-07-25,-0.532180813531003,-0.4761905757676859,-0.4328439381335565
238,2020-07-26,-0.7233742950542791,-0.6248916627004959,-0.5591731072970259
239,2020-07-27,-0.7138545188155028,-0.6799255331201968,-0.6288978395998056
240,2020-07-28,-0.7683412804929377,-0.7385359666956353,-0.6423209071634531
241,2020-07-29,-0.5439741863491789,-0.658257822507623,-0.6418777919713954
242,2020-07-30,-0.5683935039757568,-0.6027896991138578,-0.641110994960491
243,2020-07-31,-0.21289300467653618,-0.5312142685028405,-0.659363879681175
244,2020-08-01,-0.8301997484480337,-0.738806543804451,-0.7001264631424605
245,2020-08-02,-0.5778314426585276,-0.6657691793788664,-0.6599899183496065
246,2020-08-03,-0.6564436120589686,-0.6727487978526561,-0.6431642801364071
247,2020-08-04,-0.48607959192002703,-0.6035011760349306,-0.6078442590601669
248,2020-08-05,-0.4881477627450318,-0.5939349418244853,-0.6079946411129165
249,2020-08-06,-0.44576469282230036,-0.48229815728363645,-0.6007477688586489
250,2020-08-07,-0.6129182740539348,-0.5015615523921849,-0.6029517825072704
251,2020-08-08,-0.46765008394154745,-0.4789506988156775,-0.5590031311678202
252,2020-08-09,-0.4478823682959516,-0.4970349229190874,-0.551912872287488
253,2020-08-10,-0.2966902124121772,-0.41035701837678934,-0.4722296104251612
254,2020-08-11,-0.4427324001392014,-0.3611047625693164,-0.4357666985129271
255,2020-08-12,-0.3046772947874263,-0.3433438049311011,-0.423213729106074
256,2020-08-13,-0.46384434757270837,-0.4293791926477423,-0.4414670296069381
257,2020-08-14,-0.5559354582288265,-0.45845274331545915,-0.4352266519534304
258,2020-08-15,-0.35861660152952035,-0.43761580449452864,-0.3977674920223788
259,2020-08-16,-0.6359760513093936,-0.5334157202609513,-0.4492350468846811
260,2020-08-17,-0.44468411506203626,-0.47372103924955,-0.463417710701228
261,2020-08-18,-0.7179379636637211,-0.5804288594323661,-0.4989147698081137
262,2020-08-19,-0.266146072993967,-0.48872083529682897,-0.4964774977809157
263,2020-08-20,0.12427124525617482,-0.271439153765868,-0.4139348966270047
264,2020-08-21,-0.1593614001886646,-0.1123197357346602,-0.38474433591949725
265,2020-08-22,-0.4439173871935495,-0.2622032479583551,-0.40835053700262314
266,2020-08-23,-0.7602378109767919,-0.5752051539461841,-0.4611041645310809
267,2020-08-24,-0.6492408434583266,-0.638449464894198,-0.4982307111013728
268,2020-08-25,-0.4894311349726627,-0.6759960014070312,-0.4767646176201779
269,2020-08-26,-0.657887682916761,-0.6470644554694466,-0.538832111327523
270,2020-08-27,-0.5699793027308201,-0.6322011941237432,-0.6139491402011142
271,2020-08-28,-0.6868148669104613,-0.6578268930796979,-0.6443471897690909
272,2020-08-29,-0.5693145604781502,-0.6117062850373332,-0.6601972824512969
273,2020-08-30,-0.8657151554978197,-0.743553346278218,-0.6768827165685465
274,2020-08-31,-0.38728165516983987,-0.7012041334271627,-0.6602011597720626
275,2020-09-01,-0.5577731402562043,-0.6841099254224339,-0.6577579332383853
276,2020-09-02,-0.5205126207296461,-0.4878987182414651,-0.6262345094619846
277,2020-09-03,-0.516110894322533,-0.529586789382202,-0.5892080794387567
278,2020-09-04,-0.19237701465381227,-0.4309412430184538,-0.5185962165935887
279,2020-09-05,-0.6823669595460429,-0.5451396485965442,-0.5592614533610083
280,2020-09-06,-0.6938347812043772,-0.6278005063775524,-0.5677843590541546
281,2020-09-07,-0.16931563740049974,-0.6728547299588781,-0.565771508264534
282,2020-09-08,0.2543397531916078,-0.5987307637248281,-0.5581110847617221
283,2020-09-09,-0.3654737399349632,-0.2456825281948465,-0.5578875883964155
284,2020-09-10,0.02469148731612637,-0.1703073845462603,-0.5588296929716818
285,2020-09-11,-0.12668532303665347,-0.33481937591761374,-0.6025334538795081
286,2020-09-12,-0.5675805951499691,-0.43520899603369584,-0.5458017596257071
287,2020-09-13,-0.7723347179260922,-0.6586140456774985,-0.4970117978056993
288,2020-09-14,-0.06524947632928266,-0.5023470434029459,-0.43382287625329
289,2020-09-15,-0.14742020702674866,-0.4516544558462026,-0.44218792237542126
290,2020-09-16,-0.4762787833925533,-0.3024448248715803,-0.45087941961602496
291,2020-09-17,-0.2507219943388029,-0.3695522002489576,-0.44406112262591085
292,2020-09-18,-0.7501327072796614,-0.5868116568883306,-0.5177396196947042
293,2020-09-19,-0.8183410851829168,-0.633778545987241,-0.5314462116689661
294,2020-09-20,-0.8217608268023789,-0.7625635427749479,-0.5605768824617421
295,2020-09-21,-0.3361364667233549,-0.7242133060742708,-0.645436353041541
296,2020-09-22,-0.6840756532421263,-0.7051004316118628,-0.6762095966756348
297,2020-09-23,-0.454245433372471,-0.6030306429007913,-0.6833176493793959
298,2020-09-24,0.3162428785477127,-0.4984542071490551,-0.6843001881503831
299,2020-09-25,-0.12738461449306654,-0.23266927296179968,-0.5657977488887761
300,2020-09-26,-0.5158767357221563,-0.1952324075729607,-0.5285647856526627
301,2020-09-27,-0.5706632926399912,-0.32629203937411144,-0.38479411723765644
302,2020-09-28,0.7795849825603594,-0.36920054681323594,-0.33038808557606664
303,2020-09-29,-0.34546064908035057,-0.2097836876600225,-0.26571569755846847
304,2020-09-30,-0.3907916125754358,-0.24583360260653303,-0.2720598612350912
305,2020-10-01,-0.6590043333281611,-0.6101974774890719,-0.4943099029583561
306,2020-10-02,-0.5226499592588275,-0.6771609097617984,-0.6196959983366086
307,2020-10-03,-0.3512142233325852,-0.6541962561764101,-0.6101271330841564
308,2020-10-04,0.030343075653071545,-0.39719767334795625,-0.5722085183881382
309,2020-10-05,-0.12450865806971577,-0.21026432904588602,-0.5701425629338628
310,2020-10-06,0.18111039500913803,-0.13847294916584663,-0.5373334126662339
311,2020-10-07,-0.08285652063279635,-0.2383768045234216,-0.5147842489580118
312,2020-10-08,0.30383094461567184,0.03243340244503927,-0.3047754031369263
313,2020-10-09,-0.004186261779368722,-0.31511120400275117,-0.24035261364253788
314,2020-10-10,-0.3405684497414675,-0.3217123743515543,-0.22709612980992805
315,2020-10-11,1.4616594861629468,-0.16586446228779986,-0.2154873421912795
316,2020-10-12,2.520506475351595,0.6943195076286537,0.12032135781999596
317,2020-10-13,1.761336987410018,1.520970803113057,0.5593364368421289
318,2020-10-14,0.7746828822336616,1.600029134146593,0.6895861370616582
319,2020-10-15,1.1791740937067108,1.272994184657656,0.7690426486540732
320,2020-10-16,3.92721406732593,1.0828189680367186,0.9727520578410982
321,2020-10-17,1.5668489442114957,1.9528619053210732,1.4961305261161875
322,2020-10-18,0.3712618632366489,0.8738096242207176,1.0702322113540086
323,2020-10-19,0.10820624176621373,0.32313941299615917,0.806521333355809
324,2020-10-20,1.0070167030659503,0.20638859431999987,0.5210204032247104
325,2020-10-21,0.4854724546787025,0.29312638894945703,0.4772181877107776
326,2020-10-22,1.058861044148579,0.7648600563507637,0.6305510054974549
327,2020-10-23,0.37971539377113017,0.8635571150253033,0.6113328218277129
328,2020-10-24,1.1071633715696045,1.0028528048260188,0.8423732310235914
329,2020-10-25,-0.4573624027433263,0.44445286430020736,0.444797455507789
330,2020-10-26,-0.04930466777741985,0.0512016163940966,0.37721767788215427
331,2020-10-27,0.6961045002361288,-0.3565291825216649,0.4007207162585037
332,2020-10-28,1.7175471652689862,0.34374953231401306,0.39602487209403414
333,2020-10-29,3.128985427344563,2.2058237082646364,0.4465223508095656
334,2020-10-30,2.5619678654918947,2.791691114340311,0.40112651301979624
335,2020-10-31,1.469295399807267,2.4363109850875087,0.1505240212147851
336,2020-11-01,2.9711702222954988,2.380476045422145,1.2039312865239575
337,2020-11-02,4.1149357408176295,2.822666944715024,2.392525940144188
338,2020-11-03,4.291401595974109,3.832230591077378,2.9939546525072664
339,2020-11-04,2.5762192121626217,3.8002191864003643,2.961043377994129
340,2020-11-05,2.7019342515617106,3.4614479152936894,2.9544638095200466
341,2020-11-06,5.109154653913538,3.872821813755114,3.5834157232485477
342,2020-11-07,5.231229847735088,4.553664803143889,4.103487513408177
343,2020-11-08,4.797911984132761,4.955168241013708,4.33368247246354
344,2020-11-09,2.308949495689689,4.650613495137582,4.281172212409358
345,2020-11-10,3.298159337083738,3.988279774369835,4.252201547670006
346,2020-11-11,1.5752796956895458,1.7878525167388737,3.5516393776296638
347,2020-11-12,1.0206835529493272,1.3127097010194777,2.5790783439906355
348,2020-11-13,0.11801293522214505,0.6269036825649992,1.5963350766818631
349,2020-11-14,0.3396960666722064,0.33812674653719793,0.9163748556284171
350,2020-11-15,0.84039728317496,0.2808775767450441,0.6535899498964911
351,2020-11-16,2.3363806121548563,1.0491330728194777,0.8453279091200236
352,2020-11-17,1.7013793451292059,1.9886446353754303,1.0239070083643746
353,2020-11-18,1.7367465165542035,2.1484850846868353,1.0268947126527532
354,2020-11-19,2.6258501239125644,2.212325454879066,1.0771172519798091
355,2020-11-20,1.1363161982022985,2.2766835773517577,1.5704826966710157
356,2020-11-21,0.9890438808613631,1.9792033736274917,1.9946187285673114
357,2020-11-22,2.202742465279235,1.8431768355941538,2.12853624575437
358,2020-11-23,3.3206913301578203,2.669131748005216,2.33287155520701
359,2020-11-24,3.668436238361186,3.069683180375482,2.686185175394267
360,2020-11-25,3.1139258800122405,3.420102288823675,2.857381213748806
361,2020-11-26,3.534406003845049,3.469865857800157,2.953639269240167
362,2020-11-27,4.2193858890577545,3.7782569428219803,3.2818225793667706
363,2020-11-28,3.6178170416957665,4.082017542860321,3.5476412321049144
364,2020-11-29,3.205687978194804,4.125452180428876,3.7765425715884047
365,2020-11-30,5.11450575464207,4.210035188898804,3.8443239665632216
366,2020-12-01,4.021598230153413,3.878812384931791,3.836628994092619
367,2020-12-02,1.7303577643739638,3.235610717167756,3.667404472273532
368,2020-12-03,1.3280389253658638,1.8708921688651723,3.2933003712642392
369,2020-12-04,2.905366921070926,1.8181071772218473,2.8923827454668185
370,2020-12-05,1.3275353663755498,1.9719058892297894,2.400795854915961
371,2020-12-06,2.899815033836647,2.7718500079395154,2.609700513004319
372,2020-12-07,1.2945505624684492,2.3806761394328397,2.3356190078677463
373,2020-12-08,0.5277266748453873,1.6730101401390514,1.831722792090119
374,2020-12-09,-0.2342903129165393,0.5123331293255295,1.709704856959793
375,2020-12-10,0.5107566084325107,0.38416870154977795,1.5615393163305256
376,2020-12-11,2.9637215247293685,1.2891369411280247,1.680675064033941
377,2020-12-12,1.240240285337439,1.696649921125217,1.575811988088489
378,2020-12-13,0.2277677953887805,1.522515475059363,0.860963921865129
379,2020-12-14,0.2244788420995297,0.4764403126937034,0.754101288334529
380,2020-12-15,1.0119866554759964,0.5076288381968952,0.8786095311594866
381,2020-12-16,0.984849518492422,0.7417707767500464,0.9625158195026969
382,2020-12-17,0.999209982394542,0.9520081038427498,1.0079340207320715
383,2020-12-18,0.5045340245116839,0.8545672768129718,0.6844047354388911
384,2020-12-19,0.5751049685924609,0.5737921703431595,0.654101955542414
385,2020-12-20,1.1276134155736386,0.4808402388205636,0.7159015723525944
386,2020-12-21,0.9629192620276206,0.8530613084055313,0.8534911299847401
387,2020-12-22,1.7162236355151428,1.133766416454784,0.9108271919624272
388,2020-12-23,0.9850721147266791,1.0520530636632748,0.8620044810646555
389,2020-12-24,1.1535477715433111,1.4758108550070475,0.941908815813678
390,2020-12-25,1.0298315281281856,1.1241249909366424,1.0514203781748088
391,2020-12-26,-0.3149333347112239,0.48207715356657926,0.6373456233363843
392,2020-12-27,-0.15044585298963384,0.17498515795460304,0.4667475136487381
393,2020-12-28,0.20965324582234948,-0.034842356680452574,0.32648472522673655
394,2020-12-29,0.16623072465770805,0.09019707035896109,0.23830272119147078
395,2020-12-30,0.47383735709374014,0.2314484214004944,0.24460160400553815
396,2020-12-31,0.6322537447596633,0.32256717126057266,0.19659782540095283
397,2021-01-01,0.048978008995720725,0.224879099816901,0.050068003020849024
398,2021-01-02,0.4478428339590229,0.21872734523265988,0.14000751283318952
399,2021-01-03,0.49633355465810264,0.2700839826286857,0.2559301213722687
400,2021-01-04,0.3543358314348005,0.3967289406664856,0.3168765333187312
401,2021-01-05,0.3095469231323802,0.4025990401266637,0.36449674024418754
402,2021-01-06,1.4190436424393815,0.5121666840699095,0.4174722715662974
403,2021-01-07,0.2980439293441873,0.4834183385595312,0.3648710341247998
404,2021-01-08,0.7605275667993262,0.5981453669425418,0.4077849420144552
405,2021-01-09,3.7489700172761506,0.3593773056038935,0.4147342347529749
406,2021-01-10,,0.9197444007484951,0.422224335733849
407,2021-01-11,,3.7489700172761506,0.45604448115766594
408,2021-01-12,,,0.6572204482699125
409,2021-01-13,,,0.3593773056038935
410,2021-01-14,,,0.9197444007484951
411,2021-01-15,,,3.7489700172761506
412,2021-01-16,,,
413,2021-01-17,,,
414,2021-01-18,,,
415,2021-01-19,0.9718620153960558,0.9718620153960558,0.9718620153960558
416,2021-01-20,0.5055450197858462,0.6563414876682516,0.6563414876682516
417,2021-01-21,0.4363821438708997,0.5558167173143674,0.5558167173143674
418,2021-01-22,-0.262062627937026,0.1833283942937748,0.24105294346945338
419,2021-01-23,-0.36410015217530267,-0.16712803283020836,-0.0129517728374075
420,2021-01-24,-0.4844702527705243,-0.37443927633317114,-0.15977488224941402
421,2021-01-25,-0.40839775672066897,-0.4176120606988355,-0.20535675908086268
422,2021-01-26,0.16003680488511662,-0.3552113997290599,-0.2161765248060918
423,2021-01-27,-0.16016163857274812,-0.23798450919246292,-0.2672393907195137
424,2021-01-28,0.049781293612110894,0.11740829062909651,-0.29798480088545065
425,2021-01-29,0.19199752790419708,0.11709187863807811,-0.20559050235481408
426,2021-01-30,0.28501495752787065,0.19099290249923773,-0.11732721455630575
427,2021-01-31,0.1762366814714723,0.16776923449785192,0.07832525221958479
428,2021-02-01,-0.4358853008884339,0.10142339407459419,0.11284794276846351
429,2021-02-02,-0.31041300553837853,-0.03168675324892547,0.08179567511583814
430,2021-02-03,-0.32636390702676377,-0.4540684643027473,0.06635117152263546
431,2021-02-04,-0.044230998867831155,-0.2751059320634077,0.035911302914014634
432,2021-02-05,-0.04576244642538286,-0.18444906035616704,-0.024038100065848948
433,2021-02-06,-0.625658182678891,-0.30439439330293205,-0.16107334829754877
434,2021-02-07,-0.5002547778280811,-0.4101281214701993,-0.3930368218394609
435,2021-02-08,0.3964530323493801,-0.3425970866197784,-0.25375844134794984
436,2021-02-09,-0.07003470516420399,-0.08597799042295373,-0.17270387621188127
437,2021-02-10,-0.46060275206855117,-0.19871051582311508,-0.22886021298328993
438,2021-02-11,-0.6931825710541227,-0.43721997786346734,-0.3613862793994663
439,2021-02-12,-0.7103732255762918,-0.6545451400765582,-0.4698011314281562
440,2021-02-13,-0.6521973913404263,-0.6940818869704238,-0.5034638323805141
441,2021-02-14,-0.44067897651509363,-0.6507970779704,-0.4881976824115604
442,2021-02-15,-0.787832810562046,-0.6560990898304597,-0.5893975112053019
443,2021-02-16,-0.8038991297000612,-0.7354192049698413,-0.6859593775880424
444,2021-02-17,-0.5299301345016011,-0.7426568687585839,-0.6986907699702877
445,2021-02-18,0.10789613050197856,-0.39077914967896843,-0.5788259593035611
446,2021-02-19,0.10467939088604164,-0.10905833851805492,-0.45805477017476764
447,2021-02-20,-0.15022000293244953,0.055072643164504435,-0.3827775276299165
448,2021-02-21,-0.5176527276452915,-0.14329785083125088,-0.3828849830746294
449,2021-02-22,-0.055754694254492795,-0.3121626876767053,-0.285198226925088
450,2021-02-23,-0.1375777875302151,-0.3306219673617339,-0.13641620234951815
451,2021-02-24,-0.18967816609322874,-0.11913076286971798,-0.0433977344097752
452,2021-02-25,-0.4422491276115103,-0.2604694211055909,-0.17826040246793862
453,2021-02-26,0.2024331682029009,-0.17188847503730473,-0.23523130970661849
454,2021-02-27,-0.5292495373626701,-0.4376504226591901,-0.4038006440405404
455,2021-02-28,-0.7937712468557478,-0.5703300560808662,-0.46763007456588945
456,2021-03-01,-0.6749886066933727,-0.6843818876847264,-0.5103368260624407
457,2021-03-02,-0.29418737291460867,-0.5713886858550051,-0.5127518038741331
458,2021-03-03,0.20979642735304269,-0.22812450338144016,-0.47275172490361034
459,2021-03-04,-0.1553470532669503,-0.008092045162624276,-0.41882169569686256
460,2021-03-05,0.0941187090913087,0.0707477052059582,-0.42731517573133654
461,2021-03-06,-0.08011439918034442,-0.0513246500555734,-0.25575599095332924
462,2021-03-07,-0.6062921786109637,-0.37223927858055555,-0.3107298330827028
463,2021-03-08,-0.2429618699692799,-0.4535120084108221,-0.27225967806806706
464,2021-03-09,-0.6818962882722608,-0.5724410152018374,-0.3645253350412906
465,2021-03-10,-0.02030471600908893,-0.4684709548724305,-0.3942051919526136
466,2021-03-11,0.18812885507976287,-0.3281342214577921,-0.3777732335432182
467,2021-03-12,0.1920799195343025,0.12171357043708995,-0.3708066316043911
468,2021-03-13,-0.6478430920060287,-0.23678996743413852,-0.4466842262675247
469,2021-03-14,-0.5177633679157086,-0.44952445635079585,-0.40863447711173423
470,2021-03-15,-0.17849352262519852,-0.45171780728337174,-0.37583965892729837
471,2021-03-16,-0.5046822606537605,-0.39875376952073954,-0.3355364610613318
472,2021-03-17,0.03164645737433562,-0.18858671780850458,-0.28747230809131424
473,2021-03-18,-0.41921295252117236,-0.34507264656901526,-0.37046439443353135
474,2021-03-19,-0.3141018013002482,-0.2632535000922501,-0.4033454816686635
475,2021-03-20,-0.6128362979408302,-0.49233596298058757,-0.4245527679251704
476,2021-03-21,-0.550583665322859,-0.5363621594829563,-0.45831011540511274
477,2021-03-22,-0.36938873236454683,-0.5118629427021119,-0.46451365926913135
478,2021-03-23,-0.0869012624231243,-0.3780663129300582,-0.4073199480876022
479,2021-03-24,0.297893477804166,-0.06676506881907612,-0.3756307717049151
480,2021-03-25,0.08142484323863694,0.11452776493442125,-0.32811698161770364
481,2021-03-26,0.07382984850390838,0.12963065440085372,-0.2982122438319217
482,2021-03-27,-0.311893979899809,-0.01803319664262309,-0.22600322765583017
483,2021-03-28,-0.5766053982373183,-0.27502824837969386,-0.10308355308521236
484,2021-03-29,-0.42678579148858314,-0.42668622922433913,-0.08614672049119963
485,2021-03-30,-0.5647119088992998,-0.5273869301957547,-0.11634792987141528
486,2021-03-31,-0.5794742921330509,-0.5199254930364142,-0.2657368838708086
487,2021-04-01,-0.03622328358278565,-0.5174883593394346,-0.3890352143203769
488,2021-04-02,0.12169030681198585,-0.22930526693101685,-0.4131258651310521
489,2021-04-03,-0.5099224442336462,-0.15037246221628783,-0.4542133075384481
490,2021-04-04,-0.6492310119033342,-0.43232036994001183,-0.4792191298776901
491,2021-04-05,-0.6767246490802161,-0.6454645327118523,-0.5414347901400014
492,2021-04-06,-0.5096176639871167,-0.6359397021248727,-0.5363600131366727
493,2021-04-07,-0.36079804378492136,-0.5469478357774493,-0.4844235179841478
494,2021-04-08,-0.14442606373581968,-0.31815526696020446,-0.45156375564567613
495,2021-04-09,-0.645779352212883,-0.3865642932386373,-0.515335096681746
496,2021-04-10,-0.4142650866724977,-0.40780965973581795,-0.503324597440058
497,2021-04-11,-0.4060870493737195,-0.48974394695675416,-0.45879151858273365
498,2021-04-12,0.2997696553895683,-0.16272471399663752,-0.31865190227039436
499,2021-04-13,-0.140652106762899,-0.12996956838858792,-0.24924198947772197
500,2021-04-14,-0.2888554508362797,-0.0871955186468247,-0.26481278115426204
501,2021-04-15,-0.2332935115677798,-0.20596389621328057,-0.2792904627956926
502,2021-04-16,-0.7094012800068495,-0.4177810674547412,-0.2621540206416912
503,2021-04-17,-0.3122322706619352,-0.343201869661018,-0.24400235981765975
504,2021-04-18,-0.230420809375728,-0.26769683775881525,-0.21597504581435564
505,2021-04-19,-0.2970278105703423,-0.23392571221532335,-0.26079954184531023
506,2021-04-20,-0.12113745148057728,-0.23374223485543133,-0.2625668099260507
507,2021-04-21,0.04702802519256773,-0.1429574828924935,-0.22319103869485424
508,2021-04-22,-0.14463183548364886,-0.09069599040919263,-0.2122623635829416
509,2021-04-23,-0.4283783754029776,-0.21146849491378927,-0.20521295447885746
510,2021-04-24,-0.5398531457745102,-0.4289444550868551,-0.25866365730347385
511,2021-04-25,-0.2009025511439424,-0.3787188000039236,-0.25869640626326135
512,2021-04-26,-0.5471188503134734,-0.4096824446145065,-0.30367225401973696
513,2021-04-27,-0.40008872329233347,-0.3446530720073474,-0.33134611449764223
514,2021-04-28,-0.3397520101146953,-0.45817143404870386,-0.38827361028736596
515,2021-04-29,-0.6224972480935349,-0.4823202439448335,-0.4362518403906977
516,2021-04-30,-0.43340884082629727,-0.5011678724976327,-0.42560821291898604
517,2021-05-01,-0.5006723448365076,-0.5134279009567622,-0.4338658033241512
518,2021-05-02,-0.5808037764568919,-0.525827372346259,-0.5219644462017401
519,2021-05-03,-0.20146627680017215,-0.4628730250382848,-0.4674518591175869
520,2021-05-04,-0.14951468799956977,-0.2981415529435264,-0.42300276468890596
521,2021-05-05,-0.4448350512342495,-0.20709910174073817,-0.4330375239901964
522,2021-05-06,-0.702307697870776,-0.3869492494722914,-0.43666033721844066
523,2021-05-07,-0.5647992857170313,-0.5747959648139492,-0.4568031776515998
524,2021-05-08,-0.5542780690804929,-0.5743128310429982,-0.48816659513863003
525,2021-05-09,-0.5475563575460647,-0.5567727383469379,-0.4748963331698724
526,2021-05-10,-0.3467643772669498,-0.4933524971171715,-0.4705449418555428
527,2021-05-11,-0.2889382576748377,-0.43075700388494814,-0.4804223952424634
528,2021-05-12,-0.2857115483098164,-0.3131743749014296,-0.4655576111662975
529,2021-05-13,-0.47915467043752835,-0.350794717886113,-0.45119001564858485
530,2021-05-14,-0.36273369565915387,-0.3632528328208409,-0.44139190745073603
531,2021-05-15,-0.48937228396387306,-0.4054932748967534,-0.41526368823798504
532,2021-05-16,-0.55905478179068,-0.45291394138648855,-0.38847661223644375
533,2021-05-17,-0.09370675046888872,-0.416389339578744,-0.3733179871359498
534,2021-05-18,-0.18474421654757223,-0.25305430344250196,-0.3648519941768975
535,2021-05-19,-0.303363942727206,-0.212717595088165,-0.36929470883567356
536,2021-05-20,-0.368107229015089,-0.2985725518768723,-0.3600999295828217
537,2021-05-21,-0.35571793535550866,-0.3510706262576675,-0.362381280531499
538,2021-05-22,-0.36237401066737024,-0.3705161140082361,-0.33403305426307456
539,2021-05-23,-0.24471321361296242,-0.34369767390997824,-0.305505020128959
540,2021-05-24,-0.3159709858543829,-0.32064578210932404,-0.32423750801926393
541,2021-05-25,1.252711693712588,-0.13160854083274673,-0.25708699806208857
542,2021-05-26,1.4199919090119173,0.6097846881411743,-0.10708280642237546
543,2021-05-27,0.9809799457365868,1.2370907748424338,0.1248036759581116
544,2021-05-28,0.5843347121667576,1.0301734192602388,0.36440299375689966
545,2021-05-29,0.4150284912035495,0.6289039323911093,0.47583019834435286
546,2021-05-30,0.44949496149524476,0.47184943140736063,0.5810458971895754
547,2021-05-31,0.07630589312164456,0.33054379898228686,0.7135970272025559
548,2021-06-01,0.13039433588275537,0.2023295897885502,0.5729691532111961
549,2021-06-02,0.3727862487747892,0.20873662033366855,0.44638519277349664
550,2021-06-03,0.16336473841904384,0.23288002953424244,0.3110343363783806
551,2021-06-04,-0.007252688348855474,0.20161063550348413,0.24264227309809744
552,2021-06-05,-0.4667732004167002,-0.14102923938502807,0.08607949146100288
553,2021-06-06,-0.6846757974612482,-0.4775872887496395,-0.07757001773816273
554,2021-06-07,-0.47561113337391386,-0.5412869004269691,-0.1377690884381079
555,2021-06-08,-0.4209798052664122,-0.49900332380755763,-0.23537379888744722
556,2021-06-09,-0.46608457175800666,-0.4463868543514695,-0.40300123645451497
557,2021-06-10,0.0024769448395278097,-0.3922839412767739,-0.44329944935065435
558,2021-06-11,-0.22624451786272146,-0.33390434328192237,-0.46652007083840336
559,2021-06-12,0.0046619181772385885,-0.056497535580828845,-0.4176196764837952
560,2021-06-13,-0.6245650729614058,-0.3750402513140457,-0.4057680755284897
561,2021-06-14,-0.475237324098275,-0.44129400668277485,-0.39211348036109445
562,2021-06-15,-0.28012303460440696,-0.48688668455140793,-0.3737163061248759
563,2021-06-16,-0.23327550991778767,-0.3286881154319813,-0.3162135914824503
564,2021-06-17,-0.09266044467112514,-0.2576201903107605,-0.3339501085407224
565,2021-06-18,-0.2497759433729479,-0.26994073171964056,-0.3362171275877063
566,2021-06-19,-0.5181347537127298,-0.3956544554797463,-0.4002563454664898
567,2021-06-20,-0.3023475472656866,-0.4154702215688461,-0.3749721223706089
568,2021-06-21,-0.27815110269715454,-0.42116480599202055,-0.3573844642262439
569,2021-06-22,-0.4988771053748421,-0.41726961549268365,-0.3954840640150381
570,2021-06-23,-0.5041667931133248,-0.44024382364592507,-0.4231396456198649
571,2021-06-24,-0.2480696726200576,-0.45197730659474844,-0.42022450161532676
572,2021-06-25,-0.40712504676440653,-0.38855491913667134,-0.4320831646354238
573,2021-06-26,-0.40471062268196134,-0.34484506543752447,-0.410864385109841
574,2021-06-27,-0.6978429657749047,-0.5988663292981363,-0.4493818979095718
575,2021-06-28,-0.4213765318107264,-0.6107350316453334,-0.4791397845252655
576,2021-06-29,-0.11559117232373892,-0.4330767815577814,-0.4240953899466143
577,2021-06-30,-0.6169959033157693,-0.40590772627634747,-0.43527601765476254
578,2021-07-01,-0.40485761220042094,-0.3930671473660079,-0.4576490428553673
579,2021-07-02,-0.29818385669804626,-0.4697858300351953,-0.4358187645711126
580,2021-07-03,-0.6977845301651394,-0.5146786628361468,-0.49882967793005384
581,2021-07-04,-0.7612630686472253,-0.6780325310846615,-0.5654709515046262
582,2021-07-05,-0.4894987101505538,-0.7020335201742307,-0.5680937781318797
583,2021-07-06,-0.43864493941312704,-0.6525498061686087,-0.6201356515797076
584,2021-07-07,0.2547896534431712,-0.3028720156810305,-0.5086944610749172
585,2021-07-08,0.6470911808438495,-0.007045185599320849,-0.4318854243529095
586,2021-07-09,-0.1733201525675725,0.11407364115086353,-0.44918554213620787
587,2021-07-10,-0.5158723737056704,-0.11177484259000005,-0.3620697151891658
588,2021-07-11,-0.480270420554529,-0.4205717932160644,-0.2860850805801683
589,2021-07-12,-0.41548476127895423,-0.47066811405594955,-0.2749557574379235
590,2021-07-13,-0.6824940091035133,-0.4895531995058572,-0.2795261446891873
591,2021-07-14,0.18776293902089589,-0.4037200524728857,-0.29206312018986186
592,2021-07-15,-0.23405663893020823,-0.4183445855475816,-0.4212434590308813
593,2021-07-16,-0.42802928372164084,-0.346871625257174,-0.45411332983887653
594,2021-07-17,-0.34984915166135855,-0.4397206707878828,-0.4411310236483645
595,2021-07-18,-0.370111217713767,-0.4128415098679365,-0.4264706260848735
596,2021-07-19,-0.09583806561234705,-0.3206723690809215,-0.3841300675707951
597,2021-07-20,0.5835857708683899,-0.2541436743509376,-0.3268969608998387
598,2021-07-21,-0.35402059671625513,-0.25970982478916893,-0.3620871631008378
599,2021-07-22,-0.7231611842999025,-0.5644292154228637,-0.44987340947504034
600,2021-07-23,-0.03375838612271898,-0.5649149803900982,-0.4594379129288039
601,2021-07-24,3.9631421254478316,-0.3363026349646195,-0.32403914468357703
602,2021-07-25,9.19909381584158,1.0721299215265108,-0.3189536360032858
603,2021-07-26,,3.967445951159582,-0.3484419147201115
604,2021-07-27,,9.19909381584158,-0.34637810556674165
605,2021-07-28,-0.10335426122549561,-0.10335426122549561,-0.3494862818257266
606,2021-07-29,0.038975236808009975,-0.2625233292257716,0.16118495777789976
607,2021-07-30,-0.14759198338175603,-0.2851982269795372,0.20340289801138772
608,2021-07-31,-0.38509155812370977,-0.3365820745546062,-0.33261667808947354
609,2021-08-01,-0.3546442812481399,-0.3605708087466915,-0.3431606737189175
610,2021-08-02,-0.5035528706854598,-0.4044277904578598,-0.3612352736673774
611,2021-08-03,-0.37157723661214,-0.40378388864207965,-0.36357152948836047
612,2021-08-04,-0.28982760372408534,-0.39736003351978033,-0.3588216805917114
613,2021-08-05,-0.34476031950752156,-0.3500344982805766,-0.3707242397292608
614,2021-08-06,0.2736583299236465,-0.1437712917676551,-0.3197559512736047
615,2021-08-07,1.025851245895989,0.29914507061773066,-0.1835569447985723
616,2021-08-08,0.8010915101828203,0.6445022800404712,0.006865793232466879
617,2021-08-09,0.22738789339442467,0.6703948172871262,0.18455956200595156
618,2021-08-10,0.23434113278670418,0.45066284691267333,0.2766087157449595
619,2021-08-11,0.2380800557966403,0.2144396515213554,0.3596802164005233
620,2021-08-12,0.15194988304976775,0.18585082766815278,0.40791309927543873
621,2021-08-13,0.03660318576770238,0.10786788198871679,0.37361459727838414
622,2021-08-14,0.04712876438442427,0.07285132550187465,0.2294326624728317
623,2021-08-15,-0.023675507253649492,0.029627929038149294,0.09796951887728567
